COLLEGE PUBLIC LUMIERE;;25000;BESANCON;;;marion.uteza@ac-besancon.fr;;
COLLEGE VOLTAIRE;;25000;BESANCON;;;isabelle.roger@ac-besancon.fr;;
COLLEGE ALBERT CAMUS;;25000;BESANCON;;;Cdi.Clg.Camus.Besancon@ac-besancon.fr;;
COLLEGE DIDEROT;;25000;BESANCON;;;cdi-clg-diderot@ac-besancon.fr;;
COLLEGE PRIVE SAINTE URSULE;;25000;BESANCON;;;steursule.cdi@scolafc.org;;
COLLEGE PRIVE SAINT JOSEPH;;25000;BESANCON;;;stjosephbesancon.cdi@scolafc.org;;
COLLEGE SAINT PAUL;;25000;BESANCON;;;michel.monnot@ac-besancon.fr;;
COLLEGE PRIVE NOTRE DAME;;25000;BESANCON;;;jean-marie.delachaux@notredamesaintjean.com;;
LT PIERRE ADRIEN PARIS;;25000;BESANCON;;;cdi.lp.paris.besancon@ac-besancon.fr;;
LGT SAINT JEAN;;25000;BESANCON;;;cdi.stjean@notredamesaintjean.com;;
LGT SAINT PAUL;;25000;BESANCON;;;stpaul.cdi@scolafc.org;;
COLLEGE PUBLIC MALRAUX;;25000;BESANCON;;;cdi.0751969g@gmail.com;;
COLLEGE PRIVE JACOB;;25000;BESANCON;;;cdi.jacob@gmail.com;;
LGT PUBLIC GIDE;;25000;BESANCON;;;cdi.0751969g@gmail.com;;
LG PRIVE JACOB;;25000;BESANCON;;;cdi.jacob@gmail.com;;
LGT CLAUDE NICOLAS LEDOUX;;25006;BESANCON CEDEX;;;martine.david@ac-besancon.fr;;
LGT LOUIS PERGAUD;;25022;BESANCON CEDEX;;;cdi.lyc.pergaud.besancon@ac-besancon.fr;;
COLLEGE PROUDHON;;25024;BESANCON CEDEX;;;clg.proudhon.besancon@ac-besancon.fr;;
COLLEGE CLAIRS SOLEILS;;25025;BESANCON CEDEX;;;magali.serveau@ac-besancon.fr;;
LGT JULES HAAG;;25041;BESANCON CEDEX;;;cdi.lyc.haag.besancon@ac-besancon.fr;;
COLLEGE VICTOR HUGO;;25042;BESANCON CEDEX;;;ccdi.cig.hugo@ac-besancon.fr;;
LGT LOUIS PASTEUR;;25043;BESANCON CEDEX;;;cdi.lyc-pasteur@ac-besancon.fr;;
LGT VICTOR HUGO;;25052;BESANCON CEDEX;;;hugocdi@besancon.fr;;
COLLEGE RENE CASSIN;;25112;BAUME LES DAMES CEDEX;;;francoise.chauvin@ac-besancon.fr;;
COLLEGE GEORGES POMPIDOU;;25115;POUILLEY LES VIGNES;;;agnes.stoessel@ac-besancon.fr;;
COLLEGE MONT MIROIR;;25120;MAICHE;;;cmont-miroir@ac-besancon.fr;;
COLLEGE SAUT DU DOUBS;;25130;VILLERS LE LAC;;;cdi.villers@ac-besancon.fr;;
COLLEGE JACQUES COURTOIS;;25190;ST HIPPOLYTE;;;claire.herrmann@ac-besancon.fr;;
COLLEGE ANATOLE FRANCE;;25200;BETHONCOURT;;;snantes-berger@ac-besancon.fr;;
COLLEGE LOUIS PERGAUD;;25200;MONTBELIARD;;;agnes.elie@ac-besancon.fr;;
COLLEGE GUYNEMER;;25204;MONTBELIARD CEDEX;;;lucile.bernard@ac-besancon.fr;;
LGT LE GRAND CHENOIS;;25204;MONTBELIARD CEDEX;;;lyc.grand-chenois.montbeliard@ac-besancon.fr;;
COLLEGE PRIVE SAINT MAIMBOEUF;;25206;MONTBELIARD CEDEX;;;cdi.stmaimboeuf@wanadoo.fr;;
LGT JULES VIETTE;;25206;MONTBELIARD CEDEX;;;cdi.viette@ac-besancon.fr;;
LGT GEORGES CUVIER;;25207;MONTBELIARD CEDEX;;;cdi.lyc.cuvier.montbeliard@ac-besancon.fr;;
COLLEGE RENE PERROT;;25210;LE RUSSEY;;;christine.pierson@ac-besancon.fr;;
COLLEGE PRIVE;IMMACULEE CONCEPTION;25210;LE RUSSEY;;;college.ic.lerussey@wanadoo.fr;;
COLLEGE PIERRE BROSSOLETTE;;25217;MONTBELIARD CEDEX;;;cdibrossolette.montbeliard@yahoo.fr;;
COLLEGE DE LA SOURCE;;25240;MOUTHE;;;serge.madelon@ac-besancon.fr;;
COLLEGE PAUL ELIE DUBOIS;;25250;L ISLE SUR LE DOUBS;;;chantal-girardot@ac-besancon.fr;;
COLLEGE PRIVE LES AUGUSTINS;;25300;PONTARLIER;;;cdilesaugustins.pontarlier@scolafc.org;;
LG PRIVE LES AUGUSTINS;;25300;PONTARLIER;;;cdilesaugustins.pontarlier@scolafc.org;;
COLLEGE ANDRE MALRAUX;;25302;PONTARLIER CEDEX;;;cdi.clg.malraux.pontarlier@ac-besancon.fr;;
COLLEGE PHILIPPE GRENIER;;25304;PONTARLIER CEDEX;;;grenier.cdi@ac-besancon.fr;;
LGT XAVIER MARMIER;;25304;PONTARLIER CEDEX;;;cdixaviermarmier@voila.fr;;
COLLEGE DES QUATRE TERRES;;25310;HERIMONCOURT;;;doc-4terre@yahoo.fr;;
COLLEGE LOUIS BONNEMAILLE;;25340;CLERVAL;;;cdi.clerval@ac-besancon.fr;;
COLLEGE JEAN PAUL GUYOT;;25350;MANDEURE;;;marie-jose.bergelin@ac-besancon.fr;;
COLLEGE PRIVE SAINT JEAN BOSCO;;25390;ORCHAMPS VENNES;;;marie-pierre.c@scolafc.org;;
COLLEGE JEAN BAUHIN;;25404;AUDINCOURT CEDEX;;;ce.0250003t@ac-besancon.fr;;
COLLEGE JEAN JAURES;;25410;ST VIT;;;jocelyne.parisot@ac-besancon.fr;;
COLLEGE JEAN JACQUES ROUSSEAU;;25420;VOUJEAUCOURT;;;cdi-clg-voujeaucourt@ac-besancon.fr;;
COLLEGE ANDRE BOULLOCHE;;25420;BART;;;catherine.wolf-cupillard@ac-besancon.fr;;
COLLEGE HENRI FERTET;;25430;SANCEY LE GRAND;;;cdi.clg-fertet.sancey@ac-besancon.fr;;
COLLEGE FELIX GAFFIOT;;25440;QUINGEY;;;solange-mayo@ac-besancon.fr;;
COLLEGE PAUL LANGEVIN;;25461;ETUPES CEDEX;;;martine.foinet@ac-besancon.fr;;
LGT EDGAR FAURE;;25503;MORTEAU CEDEX;;;mougibr@lycee-morteau.com;;
COLLEGE LOUIS PERGAUD;;25510;PIERREFONTAINE LES VARANS;;;stephanie.oberlin@ac-besancon.fr;;
COLLEGE DU SACRE COEUR;;25530;VERCEL VILLEDIEU LE CAMP;;;sacre-coeur.cdi@orange.fr;;
COLLEGE JOUFFROY D ABBANS;;25600;SOCHAUX;;;christine.lippi@ac-besancon.fr;;
COLLEGE AIGREMONT;;25640;ROULANS;;;m-christine.vuillemin@ac-besancon.fr;;
COLLEGE ENTRE DEUX VELLES;;25660;SAONE;;;2cdi.clg.entre-deux-velles@ac-besancon.fr;;
COLLEGE LES VILLANELLES;;25680;ROUGEMONT;;;cdi.clg-villanelles@ac-besancon.fr;;
COLLEGE LES BRUYERES;;25700;VALENTIGNEY;;;ingrid.farre@hotmail.fr;;
LGT ARMAND PEUGEOT;;25702;VALENTIGNEY CEDEX;;;sylvie.cadot@ac-besancon.fr;;
COLLEGE EDGAR FAURE;;25800;VALDAHON;;;dominique.parent@ac-besancon.fr;;
COLLEGE PUBLIC;CLAUDE GIRARD;25870;CHATILLON LE DUC;;;Marie.Lassus@ac-besancon.fr;;
